run_utc,run_date,routine,project,status,jira_key,topic,affected_area,wiki_book,wiki_page,wiki_page_id,crud_op,previous_content,new_content,outcome,confidence,fix_version,evidence
2026-01-20T030000Z,2026-01-20,pnp_daily_sync,PnP,NO_CHANGE,,,,,,115,,,,,,,
2026-01-20T030000Z,2026-01-20,pnp_daily_sync,PnP,NO_CHANGE,,,,,,116,,,,,,,
2026-01-20T030000Z,2026-01-20,pnp_daily_sync,PnP,NO_CHANGE,,,,,,120,,,,,,,
2026-01-20T030000Z,2026-01-20,pnp_daily_sync,PnP,NO_CHANGE,,,,,,121,,,,,,,
2026-01-20T030000Z,2026-01-20,pnp_daily_sync,PnP,NO_CHANGE,,,,,,122,,,,,,,
2026-01-20T030000Z,2026-01-20,pnp_daily_sync,PnP,NO_CHANGE,,,,,,123,,,,,,,
2026-01-20T030000Z,2026-01-20,pnp_daily_sync,PnP,NO_CHANGE,,,,,,124,,,,,,,
2026-01-20T030000Z,2026-01-20,pnp_daily_sync,PnP,NO_CHANGE,,,,,,126,,,,,,,
2026-01-20T030000Z,2026-01-20,pnp_daily_sync,PnP,NO_CHANGE,,,,,,127,,,,,,,
2026-01-20T030000Z,2026-01-20,pnp_daily_sync,PnP,NO_CHANGE,,,,,,128,,,,,,,
2026-01-20T030000Z,2026-01-20,pnp_daily_sync,PnP,NO_CHANGE,,,,,,129,,,,,,,
2026-01-20T030000Z,2026-01-20,pnp_daily_sync,PnP,NO_CHANGE,,,,,,130,,,,,,,
2026-01-20T030000Z,2026-01-20,pnp_daily_sync,PnP,NO_CHANGE,,,,,,131,,,,,,,
2026-01-20T030000Z,2026-01-20,pnp_daily_sync,PnP,NO_CHANGE,,,,,,132,,,,,,,
2026-01-20T030000Z,2026-01-20,pnp_daily_sync,PnP,NO_CHANGE,,,,,,133,,,,,,,
2026-01-20T030000Z,2026-01-20,pnp_daily_sync,PnP,NO_CHANGE,,,,,,134,,,,,,,
2026-01-20T030000Z,2026-01-20,pnp_daily_sync,PnP,NO_CHANGE,,,,,,135,,,,,,,
2026-01-20T030000Z,2026-01-20,pnp_daily_sync,PnP,NO_CHANGE,,,,,,137,,,,,,,
2026-01-20T030000Z,2026-01-20,pnp_daily_sync,PnP,NO_CHANGE,,,,,,138,,,,,,,
2026-01-20T030000Z,2026-01-20,pnp_daily_sync,PnP,NO_CHANGE,,,,,,139,,,,,,,
2026-01-20T030000Z,2026-01-20,pnp_daily_sync,PnP,NO_CHANGE,,,,,,140,,,,,,,
2026-01-20T030000Z,2026-01-20,pnp_daily_sync,PnP,NO_CHANGE,,,,,,142,,,,,,,
2026-01-20T030000Z,2026-01-20,pnp_daily_sync,PnP,NO_CHANGE,,,,,,143,,,,,,,
2026-01-20T030000Z,2026-01-20,pnp_daily_sync,PnP,NO_CHANGE,,,,,,144,,,,,,,
2026-01-20T030000Z,2026-01-20,pnp_daily_sync,PnP,NO_CHANGE,,,,,,146,,,,,,,
2026-01-20T030000Z,2026-01-20,pnp_daily_sync,PnP,NO_CHANGE,,,,,,147,,,,,,,
2026-01-20T030000Z,2026-01-20,pnp_daily_sync,PnP,NO_CHANGE,,,,,,148,,,,,,,
2026-01-20T030000Z,2026-01-20,pnp_daily_sync,PnP,NO_CHANGE,,,,,,150,,,,,,,
2026-01-20T030000Z,2026-01-20,pnp_daily_sync,PnP,NO_CHANGE,,,,,,152,,,,,,,
2026-01-20T030000Z,2026-01-20,pnp_daily_sync,PnP,NO_CHANGE,,,,,,154,,,,,,,
2026-01-20T030000Z,2026-01-20,pnp_daily_sync,PnP,NO_CHANGE,,,,,,156,,,,,,,
2026-01-20T030000Z,2026-01-20,pnp_daily_sync,PnP,NO_CHANGE,,,,,,158,,,,,,,
2026-01-20T030000Z,2026-01-20,pnp_daily_sync,PnP,NO_CHANGE,,,,,,172,,,,,,,
2026-01-20T030000Z,2026-01-20,pnp_daily_sync,PnP,NO_CHANGE,,,,,,174,,,,,,,
2026-01-20T030000Z,2026-01-20,pnp_daily_sync,PnP,NO_CHANGE,,,,,,176,,,,,,,
2026-02-17T030000Z,2026-02-17,pnp_daily_sync,PnP,NO_CHANGE,,,,,,115,,,,,,,
2026-02-17T030000Z,2026-02-17,pnp_daily_sync,PnP,NO_CHANGE,,,,,,116,,,,,,,
2026-02-17T030000Z,2026-02-17,pnp_daily_sync,PnP,NO_CHANGE,,,,,,120,,,,,,,
2026-02-17T030000Z,2026-02-17,pnp_daily_sync,PnP,NO_CHANGE,,,,,,121,,,,,,,
2026-02-17T030000Z,2026-02-17,pnp_daily_sync,PnP,NO_CHANGE,,,,,,122,,,,,,,
2026-02-17T030000Z,2026-02-17,pnp_daily_sync,PnP,NO_CHANGE,,,,,,123,,,,,,,
2026-02-17T030000Z,2026-02-17,pnp_daily_sync,PnP,NO_CHANGE,,,,,,124,,,,,,,
2026-02-17T030000Z,2026-02-17,pnp_daily_sync,PnP,NO_CHANGE,,,,,,126,,,,,,,
2026-02-17T030000Z,2026-02-17,pnp_daily_sync,PnP,NO_CHANGE,,,,,,127,,,,,,,
2026-02-17T030000Z,2026-02-17,pnp_daily_sync,PnP,NO_CHANGE,,,,,,128,,,,,,,
2026-02-17T030000Z,2026-02-17,pnp_daily_sync,PnP,NO_CHANGE,,,,,,129,,,,,,,
2026-02-17T030000Z,2026-02-17,pnp_daily_sync,PnP,NO_CHANGE,,,,,,130,,,,,,,
2026-02-17T030000Z,2026-02-17,pnp_daily_sync,PnP,NO_CHANGE,,,,,,131,,,,,,,
2026-02-17T030000Z,2026-02-17,pnp_daily_sync,PnP,NO_CHANGE,,,,,,132,,,,,,,
2026-02-17T030000Z,2026-02-17,pnp_daily_sync,PnP,NO_CHANGE,,,,,,133,,,,,,,
2026-02-17T030000Z,2026-02-17,pnp_daily_sync,PnP,NO_CHANGE,,,,,,134,,,,,,,
2026-02-17T030000Z,2026-02-17,pnp_daily_sync,PnP,NO_CHANGE,,,,,,135,,,,,,,
2026-02-17T030000Z,2026-02-17,pnp_daily_sync,PnP,NO_CHANGE,,,,,,137,,,,,,,
2026-02-17T030000Z,2026-02-17,pnp_daily_sync,PnP,NO_CHANGE,,,,,,138,,,,,,,
2026-02-17T030000Z,2026-02-17,pnp_daily_sync,PnP,NO_CHANGE,,,,,,139,,,,,,,
2026-02-17T030000Z,2026-02-17,pnp_daily_sync,PnP,NO_CHANGE,,,,,,140,,,,,,,
2026-02-17T030000Z,2026-02-17,pnp_daily_sync,PnP,NO_CHANGE,,,,,,142,,,,,,,
2026-02-17T030000Z,2026-02-17,pnp_daily_sync,PnP,NO_CHANGE,,,,,,143,,,,,,,
2026-02-17T030000Z,2026-02-17,pnp_daily_sync,PnP,NO_CHANGE,,,,,,144,,,,,,,
2026-02-17T030000Z,2026-02-17,pnp_daily_sync,PnP,NO_CHANGE,,,,,,146,,,,,,,
2026-02-17T030000Z,2026-02-17,pnp_daily_sync,PnP,NO_CHANGE,,,,,,147,,,,,,,
2026-02-17T030000Z,2026-02-17,pnp_daily_sync,PnP,NO_CHANGE,,,,,,148,,,,,,,
2026-02-17T030000Z,2026-02-17,pnp_daily_sync,PnP,NO_CHANGE,,,,,,150,,,,,,,
2026-02-17T030000Z,2026-02-17,pnp_daily_sync,PnP,NO_CHANGE,,,,,,152,,,,,,,
2026-02-17T030000Z,2026-02-17,pnp_daily_sync,PnP,NO_CHANGE,,,,,,154,,,,,,,
2026-02-17T030000Z,2026-02-17,pnp_daily_sync,PnP,NO_CHANGE,,,,,,156,,,,,,,
2026-02-17T030000Z,2026-02-17,pnp_daily_sync,PnP,NO_CHANGE,,,,,,158,,,,,,,
2026-02-17T030000Z,2026-02-17,pnp_daily_sync,PnP,NO_CHANGE,,,,,,172,,,,,,,
2026-02-17T030000Z,2026-02-17,pnp_daily_sync,PnP,NO_CHANGE,,,,,,174,,,,,,,
2026-02-17T030000Z,2026-02-17,pnp_daily_sync,PnP,NO_CHANGE,,,,,,176,,,,,,,
2026-03-10T030000Z,2026-03-10,pnp_daily_sync,PnP,NO_CHANGE,,,,,,115,,,,,,,
2026-03-10T030000Z,2026-03-10,pnp_daily_sync,PnP,NO_CHANGE,,,,,,116,,,,,,,
2026-03-10T030000Z,2026-03-10,pnp_daily_sync,PnP,NO_CHANGE,,,,,,120,,,,,,,
2026-03-10T030000Z,2026-03-10,pnp_daily_sync,PnP,NO_CHANGE,,,,,,121,,,,,,,
2026-03-10T030000Z,2026-03-10,pnp_daily_sync,PnP,NO_CHANGE,,,,,,122,,,,,,,
2026-03-10T030000Z,2026-03-10,pnp_daily_sync,PnP,NO_CHANGE,,,,,,123,,,,,,,
2026-03-10T030000Z,2026-03-10,pnp_daily_sync,PnP,NO_CHANGE,,,,,,124,,,,,,,
2026-03-10T030000Z,2026-03-10,pnp_daily_sync,PnP,NO_CHANGE,,,,,,126,,,,,,,
2026-03-10T030000Z,2026-03-10,pnp_daily_sync,PnP,NO_CHANGE,,,,,,127,,,,,,,
2026-03-10T030000Z,2026-03-10,pnp_daily_sync,PnP,NO_CHANGE,,,,,,128,,,,,,,
2026-03-10T030000Z,2026-03-10,pnp_daily_sync,PnP,NO_CHANGE,,,,,,129,,,,,,,
2026-03-10T030000Z,2026-03-10,pnp_daily_sync,PnP,NO_CHANGE,,,,,,130,,,,,,,
2026-03-10T030000Z,2026-03-10,pnp_daily_sync,PnP,NO_CHANGE,,,,,,131,,,,,,,
2026-03-10T030000Z,2026-03-10,pnp_daily_sync,PnP,NO_CHANGE,,,,,,132,,,,,,,
2026-03-10T030000Z,2026-03-10,pnp_daily_sync,PnP,NO_CHANGE,,,,,,133,,,,,,,
2026-03-10T030000Z,2026-03-10,pnp_daily_sync,PnP,NO_CHANGE,,,,,,134,,,,,,,
2026-03-10T030000Z,2026-03-10,pnp_daily_sync,PnP,NO_CHANGE,,,,,,135,,,,,,,
2026-03-10T030000Z,2026-03-10,pnp_daily_sync,PnP,NO_CHANGE,,,,,,137,,,,,,,
2026-03-10T030000Z,2026-03-10,pnp_daily_sync,PnP,NO_CHANGE,,,,,,138,,,,,,,
2026-03-10T030000Z,2026-03-10,pnp_daily_sync,PnP,NO_CHANGE,,,,,,139,,,,,,,
2026-03-10T030000Z,2026-03-10,pnp_daily_sync,PnP,NO_CHANGE,,,,,,140,,,,,,,
2026-03-10T030000Z,2026-03-10,pnp_daily_sync,PnP,NO_CHANGE,,,,,,142,,,,,,,
2026-03-10T030000Z,2026-03-10,pnp_daily_sync,PnP,NO_CHANGE,,,,,,143,,,,,,,
2026-03-10T030000Z,2026-03-10,pnp_daily_sync,PnP,NO_CHANGE,,,,,,144,,,,,,,
2026-03-10T030000Z,2026-03-10,pnp_daily_sync,PnP,NO_CHANGE,,,,,,146,,,,,,,
2026-03-10T030000Z,2026-03-10,pnp_daily_sync,PnP,NO_CHANGE,,,,,,147,,,,,,,
2026-03-10T030000Z,2026-03-10,pnp_daily_sync,PnP,NO_CHANGE,,,,,,148,,,,,,,
2026-03-10T030000Z,2026-03-10,pnp_daily_sync,PnP,NO_CHANGE,,,,,,150,,,,,,,
2026-03-10T030000Z,2026-03-10,pnp_daily_sync,PnP,NO_CHANGE,,,,,,152,,,,,,,
2026-03-10T030000Z,2026-03-10,pnp_daily_sync,PnP,NO_CHANGE,,,,,,154,,,,,,,
2026-03-10T030000Z,2026-03-10,pnp_daily_sync,PnP,NO_CHANGE,,,,,,156,,,,,,,
2026-03-10T030000Z,2026-03-10,pnp_daily_sync,PnP,NO_CHANGE,,,,,,158,,,,,,,
2026-03-10T030000Z,2026-03-10,pnp_daily_sync,PnP,NO_CHANGE,,,,,,172,,,,,,,
2026-03-10T030000Z,2026-03-10,pnp_daily_sync,PnP,NO_CHANGE,,,,,,174,,,,,,,
2026-03-10T030000Z,2026-03-10,pnp_daily_sync,PnP,NO_CHANGE,,,,,,176,,,,,,,
2026-06-25T214123Z,2026-06-25,pnp_daily_sync,PnP,NO_CHANGE,,,,,,,,,,,,,
2026-06-26T214117Z,26/06/2026,orange_sign_daily_sync,Orange Sign,NO_CHANGE,,(no changes this run),,,,,No-change,—,—,NO_CHANGE,,,
2026-06-26T01:30:00Z,26/06/2026,cm_daily_sync,Compensation Management,blocked,,(no changes this run),,,,,No-change,—,—,blocked,,,
2026-06-27T01:30:00Z,27/06/2026,cm_daily_sync,Compensation Management,BLOCKED,,(no changes this run),,,,,No-change,—,—,BLOCKED,,,
2026-06-27T21:46:31Z,27/06/2026,roster_daily_sync,Roster,SUCCESS,ROS-654,Group Shifts by Shift Type in Monthly View,ATC,Roster,Roster Core,548,updated,12 bullets in ATC row #7,Added bullet: Rendering Shift Type groupings does not degrade existing performance benchmarks.,ATC row #7 updated with performance benchmark bullet,high,8.1,ROS-654 Jira description — performance NFR bullet was missing from ATC coverage
2026-06-27T21:46:31Z,27/06/2026,roster_daily_sync,Roster,SUCCESS,ROS-660,Audit Trail for Shift Type Management,ATC,Roster,Roster Core,548,updated,9 bullets in ATC row #10,Added bullet: Multiple field updates for a single Shift Type action are recorded in a single audit entry; the Shift Type name is always included in the Action Description.,ATC row #10 updated with single-audit-entry consolidation bullet,high,8.1,ROS-660 Jira description — audit entry consolidation behavior was missing from ATC coverage
2026-06-27T214459Z,27/06/2026,orange_sign_daily_sync,Orange Sign,NO_CHANGE,,(no changes this run),,,,,No-change,—,—,NO_CHANGE,,,
2026-06-27T003000Z,2026-06-27,pnp_daily_sync,PNP,BLOCKED,,(gate blocked - Jira inaccessible + NAV-2 destination misconfiguration),,,KPI Setup,12,,,,BLOCKED,,8.0.2,Jira MCP denied + REST API 401; page_id=12 wrong destination
2026-05-12T17:44:46Z,12/05/2026,cm_daily_sync,Compensation Management,NO_CHANGE,,cm_daily_sync run (NO_CHANGE),,,,,No-change,—,updated=0 no-change= | stories= bugs=,NO_CHANGE,,,from adoring-albattani-i0UGt:logs/cm_daily_sync/2026-05-12T174446Z.md
2026-05-12T18:02:37Z,12/05/2026,cm_daily_sync,Compensation Management,FAILED,,cm_daily_sync run (FAILED),,,,,No-change,—,updated=0 no-change= | stories= bugs=,FAILED,,,from adoring-albattani-i0UGt:logs/cm_daily_sync/2026-05-12T180237Z.md
2026-05-13T00:35:48Z,13/05/2026,pnp_daily_sync,PNP,BLOCKED,,pnp_daily_sync run (BLOCKED),,,,,No-change,—,updated=0 no-change= | stories= bugs=,BLOCKED,,,from adoring-albattani-i0UGt:logs/pnp_daily_sync/2026-05-13T003548Z.md
2026-05-13T01:37:34Z,13/05/2026,cm_daily_sync,Compensation Management,BLOCKED,,cm_daily_sync run (BLOCKED),,,,,No-change,—,updated=0 no-change= | stories= bugs=,BLOCKED,,,from adoring-albattani-i0UGt:logs/cm_daily_sync/2026-05-13T013734Z.md
2026-05-13T05:20:56Z,13/05/2026,cm_daily_sync,Compensation Management,BLOCKED,,cm_daily_sync run (BLOCKED),,,,,No-change,—,updated=0 no-change= | stories= bugs=,BLOCKED,,,from adoring-albattani-i0UGt:logs/cm_daily_sync/2026-05-13T052056Z.md
2026-05-13T06:48:03Z,13/05/2026,cm_daily_sync,Compensation Management,SUCCESS,,cm_daily_sync run (SUCCESS),,,,,No-change,—,updated=0 no-change= | stories=40 bugs=,SUCCESS,,,from adoring-albattani-i0UGt:logs/cm_daily_sync/2026-05-13T064803Z.md
2026-05-13T07:53:13Z,13/05/2026,cm_daily_sync,Compensation Management,SUCCESS,,cm_daily_sync run (SUCCESS),,,,,No-change,—,updated=0 no-change= | stories=41 bugs=,SUCCESS,,,from adoring-albattani-i0UGt:logs/cm_daily_sync/2026-05-13T075313Z.md
2026-05-13T08:54:24Z,13/05/2026,cm_daily_sync,Compensation Management,SUCCESS,,cm_daily_sync run (SUCCESS),,,,,No-change,—,updated=0 no-change= | stories=35 bugs=,SUCCESS,,,from adoring-albattani-i0UGt:logs/cm_daily_sync/2026-05-13T085424Z.md
2026-05-13T13:17:31Z,13/05/2026,cm_daily_sync,Compensation Management,SUCCESS,,cm_daily_sync run (SUCCESS),,,,,No-change,—,updated=0 no-change= | stories=40 bugs=,SUCCESS,,,from adoring-albattani-i0UGt:logs/cm_daily_sync/2026-05-13T131731Z.md
2026-05-14T00:51:17Z,14/05/2026,pnp_daily_sync,PNP,SUCCESS,,pnp_daily_sync run (SUCCESS),,,,,No-change,—,updated=0 no-change= | stories=20 bugs=,SUCCESS,,,from adoring-albattani-i0UGt:logs/pnp_daily_sync/2026-05-14T005117Z.md
2026-05-14T01:52:18Z,14/05/2026,cm_daily_sync,Compensation Management,SUCCESS,,cm_daily_sync run (SUCCESS),,,,,No-change,—,updated=0 no-change= | stories=40 bugs=,SUCCESS,,,from adoring-albattani-i0UGt:logs/cm_daily_sync/2026-05-14T015218Z.md
2026-05-15T00:46:56Z,15/05/2026,pnp_daily_sync,PNP,SUCCESS,,pnp_daily_sync run (SUCCESS),,,,,No-change,—,updated=0 no-change= | stories=25 bugs=,SUCCESS,,,from adoring-albattani-i0UGt:logs/pnp_daily_sync/2026-05-15T004656Z.md
2026-05-15T01:51:47Z,15/05/2026,cm_daily_sync,Compensation Management,SUCCESS,,cm_daily_sync run (SUCCESS),,,,,No-change,—,updated=0 no-change= | stories=40 bugs=,SUCCESS,,,from adoring-albattani-i0UGt:logs/cm_daily_sync/2026-05-15T015147Z.md
2026-05-15T15:46:46Z,15/05/2026,cm_daily_sync,Compensation Management,NO_CHANGE,,cm_daily_sync run (NO_CHANGE),,,,,No-change,—,updated=0 no-change= | stories=40 bugs=,NO_CHANGE,,,from adoring-albattani-i0UGt:logs/cm_daily_sync/2026-05-15T154646Z.md
2026-05-15T17:50:33Z,15/05/2026,cm_daily_sync,Compensation Management,NO_CHANGE,,cm_daily_sync run (NO_CHANGE),,,,,No-change,—,updated=0 no-change= | stories=40 bugs=,NO_CHANGE,,,from adoring-albattani-i0UGt:logs/cm_daily_sync/2026-05-15T175033Z.md
2026-05-16T00:54:27Z,16/05/2026,pnp_daily_sync,PNP,SUCCESS,,pnp_daily_sync run (SUCCESS),,,,,No-change,—,updated=0 no-change= | stories=15 bugs=,SUCCESS,,,from adoring-albattani-i0UGt:logs/pnp_daily_sync/2026-05-16T005427Z.md
2026-05-16T01:33:00Z,16/05/2026,cm_daily_sync,Compensation Management,NO_CHANGE,,cm_daily_sync run (NO_CHANGE),,,,,No-change,—,updated=0 no-change= | stories=40 bugs=,NO_CHANGE,,,from adoring-albattani-i0UGt:logs/cm_daily_sync/2026-05-16T013300Z.md
2026-05-16T19:56:07Z,16/05/2026,cm_daily_sync,Compensation Management,NO_CHANGE,,cm_daily_sync run (NO_CHANGE),,,Salary,360,No-change,—,updated=0 no-change=6 | stories=6 bugs=12,NO_CHANGE,,8.0,from adoring-albattani-i0UGt:logs/cm_daily_sync/2026-05-16T195607Z.md
2026-05-16T20:21:55Z,16/05/2026,cm_daily_sync,Compensation Management,NO_CHANGE,,cm_daily_sync run (NO_CHANGE),,,Salary,360,No-change,—,updated=0 no-change=6 | stories=6 bugs=12,NO_CHANGE,,8.0,from adoring-albattani-i0UGt:logs/cm_daily_sync/2026-05-16T202155Z.md
2026-05-17T00:48:08Z,17/05/2026,pnp_daily_sync,PNP,SUCCESS,,pnp_daily_sync run (SUCCESS),,,Performance Core,546,Updated,—,updated=15 no-change=0 | stories=14 bugs=21,SUCCESS,,8.0.2,from adoring-albattani-i0UGt:logs/pnp_daily_sync/2026-05-17T004808Z.md
2026-05-17T01:30:00Z,17/05/2026,cm_daily_sync,Compensation Management,NO_CHANGE,,cm_daily_sync run (NO_CHANGE),,,Salary,360,No-change,—,updated=0 no-change=5 | stories=5 bugs=12,NO_CHANGE,,8.0,from adoring-albattani-i0UGt:logs/cm_daily_sync/2026-05-17T013000Z.md
2026-05-17T05:13:51Z,17/05/2026,cm_daily_sync,Compensation Management,SUCCESS,,cm_daily_sync run (SUCCESS),,,Salary,360,Updated,—,updated=5 no-change=0 | stories=5 bugs=12,SUCCESS,,8.0,from adoring-albattani-i0UGt:logs/cm_daily_sync/2026-05-17T051351Z.md
2026-05-17T11:54:37Z,17/05/2026,pnp_daily_sync,PNP,SUCCESS,,pnp_daily_sync run (SUCCESS),,,Performance Core,547,Updated,—,updated=15 no-change=0 | stories=14 bugs=21,SUCCESS,,8.0.2,from adoring-albattani-i0UGt:logs/pnp_daily_sync/2026-05-17T115437Z.md
2026-05-17T17:12:17Z,17/05/2026,cm_daily_sync,Compensation Management,SUCCESS,,cm_daily_sync run (SUCCESS),,,Salary,360,Updated,—,updated=5 no-change=0 | stories=5 bugs=12,SUCCESS,,8.0,from practical-pasteur-INuTI:logs/cm_daily_sync/2026-05-17T171200Z.md
2026-05-18T00:30:00Z,18/05/2026,pnp_daily_sync,PNP,NO_CHANGE,,pnp_daily_sync run (NO_CHANGE),,,Performance Core,547,No-change,—,updated=0 no-change=15 | stories=14 bugs=21,NO_CHANGE,,8.0.2,from adoring-albattani-i0UGt:logs/pnp_daily_sync/2026-05-18T003000Z.md
2026-05-18T01:30:00Z,18/05/2026,cm_daily_sync,Compensation Management,SUCCESS,,cm_daily_sync run (SUCCESS),,,Salary,360,Updated,—,updated=1 no-change=4 | stories=5 bugs=12,SUCCESS,,8.0,from practical-pasteur-2Embl:logs/cm_daily_sync/2026-05-18T013000Z.md
2026-05-18T01:49:04Z,18/05/2026,cm_daily_sync,Compensation Management,NO_CHANGE,,cm_daily_sync run (NO_CHANGE),,,Salary,360,No-change,—,updated=0 no-change=5 | stories=5 bugs=12,NO_CHANGE,,8.0,from practical-pasteur-9QyD6:logs/cm_daily_sync/2026-05-18T014904Z.md
2026-05-18T02:28:02Z,18/05/2026,cm_daily_sync,Compensation Management,SUCCESS,,cm_daily_sync run (SUCCESS),,,Salary,360,Updated,—,updated=5 no-change=0 | stories=5 bugs=12,SUCCESS,,8.0,from practical-pasteur-U6aEM:logs/cm_daily_sync/2026-05-18T022802Z.md
2026-05-18T04:04:33Z,18/05/2026,cm_daily_sync,Compensation Management,SUCCESS,,cm_daily_sync run (SUCCESS),,,Salary,360,Updated,—,updated=1 no-change=4 | stories=5 bugs=12,SUCCESS,,8.0,from practical-pasteur-JnLYc:logs/cm_daily_sync/2026-05-18T040433Z.md
2026-05-18T14:50:56Z,18/05/2026,cm_daily_sync,Compensation Management,FAILED,,cm_daily_sync run (FAILED),,,Salary,360,No-change,—,updated=0 no-change=0 | stories=0 bugs=0,FAILED,,8.0,from practical-pasteur-1SCWG:logs/cm_daily_sync/2026-05-18T145056Z.md
2026-05-18T15:23:05Z,18/05/2026,cm_daily_sync,Compensation Management,NO_CHANGE,,cm_daily_sync run (NO_CHANGE),,,Salary,360,No-change,—,updated=0 no-change=5 | stories=5 bugs=12,NO_CHANGE,,8.0,from practical-pasteur-ouPJk:logs/cm_daily_sync/2026-05-18T152305Z.md
2026-05-18T16:26:08Z,18/05/2026,cm_daily_sync,Compensation Management,SUCCESS,,cm_daily_sync run (SUCCESS),,,Salary,360,Updated,—,updated=1 no-change=4 | stories=5 bugs=12,SUCCESS,,8.0,from practical-pasteur-hn2kY:logs/cm_daily_sync/2026-05-18T162608Z.md
2026-05-19T00:49:02Z,19/05/2026,pnp_daily_sync,PNP,SUCCESS,,pnp_daily_sync run (SUCCESS),,,Performance Core,547,Updated,—,updated=3 no-change=12 | stories=14 bugs=21,SUCCESS,,8.0.2,from adoring-albattani-i0UGt:logs/pnp_daily_sync/2026-05-19T004902Z.md
2026-05-19T01:00:00Z,19/05/2026,roster_daily_sync,Roster,SUCCESS,,roster_daily_sync run (SUCCESS),,,Roster Core,548,Updated,—,updated=3 no-change=0 | stories=10 bugs=24,SUCCESS,,8.1,from adoring-albattani-i0UGt:logs/roster_daily_sync/2026-05-19T010000Z.md
2026-05-19T01:30:00Z,19/05/2026,cm_daily_sync,Compensation Management,NO_CHANGE,,cm_daily_sync run (NO_CHANGE),,,Salary,360,No-change,—,updated=0 no-change=5 | stories=5 bugs=12,NO_CHANGE,,8.0,from practical-pasteur-JzRaY:logs/cm_daily_sync/2026-05-19T013000Z.md
2026-05-19T09:00:04Z,19/05/2026,orange_sign_daily_sync,Orange Sign,SUCCESS,,orange_sign_daily_sync run (SUCCESS),,,Orange Sign Core,549,Updated,—,updated=23 no-change=0 | stories=23 bugs=0,SUCCESS,,8.0.2,from adoring-albattani-i0UGt:logs/orange_sign_daily_sync/2026-05-19T090004Z.md
2026-05-20T00:30:00Z,20/05/2026,pnp_daily_sync,PNP,SUCCESS,,pnp_daily_sync run (SUCCESS),,,Performance Core,547,Updated,—,updated=5 no-change=10 | stories=14 bugs=21,SUCCESS,,8.0.2,from adoring-albattani-i0UGt:logs/pnp_daily_sync/2026-05-20T003000Z.md
2026-05-20T01:13:36Z,20/05/2026,roster_daily_sync,Roster,NO_CHANGE,,roster_daily_sync run (NO_CHANGE),,,Roster Core,548,No-change,—,updated=0 no-change=3 | stories=3 bugs=24,NO_CHANGE,,8.1,from adoring-albattani-i0UGt:logs/roster_daily_sync/2026-05-20T011336Z.md
2026-05-20T01:40:41Z,20/05/2026,cm_daily_sync,Compensation Management,NO_CHANGE,,cm_daily_sync run (NO_CHANGE),,,Salary,360,No-change,—,updated=0 no-change=5 | stories=5 bugs=12,NO_CHANGE,,8.0,from adoring-albattani-i0UGt:logs/cm_daily_sync/2026-05-20T014041Z.md
2026-05-21T01:09:42Z,21/05/2026,roster_daily_sync,Roster,BLOCKED,,roster_daily_sync run (BLOCKED),,,Roster Core,548,No-change,—,updated=0 no-change=0 | stories=0 bugs=0,BLOCKED,,8.1,from adoring-albattani-i0UGt:logs/roster_daily_sync/2026-05-21T010942Z.md
2026-05-22T00:30:56Z,22/05/2026,pnp_daily_sync,PNP,SUCCESS,,pnp_daily_sync run (SUCCESS),,,Performance Core,547,Updated,—,updated=3 no-change=12 | stories=15 bugs=21,SUCCESS,,8.0.2,from adoring-albattani-i0UGt:logs/pnp_daily_sync/2026-05-22T003056Z.md
2026-05-22T01:10:48Z,22/05/2026,roster_daily_sync,Roster,NO_CHANGE,,roster_daily_sync run (NO_CHANGE),,,Roster Core,548,No-change,—,updated=0 no-change=3 | stories=3 bugs=24,NO_CHANGE,,8.1,from adoring-albattani-i0UGt:logs/roster_daily_sync/2026-05-22T011048Z.md
2026-05-22T01:30:00Z,22/05/2026,cm_daily_sync,Compensation Management,NO_CHANGE,,cm_daily_sync run (NO_CHANGE),,,Salary,360,No-change,—,updated=0 no-change=5 | stories=5 bugs=12,NO_CHANGE,,8.0,from practical-pasteur-5u95G:logs/cm_daily_sync/2026-05-22T013000Z.md
2026-05-23T00:30:00Z,23/05/2026,pnp_daily_sync,PNP,NO_CHANGE,,pnp_daily_sync run (NO_CHANGE),,,Performance Core,547,No-change,—,updated=0 no-change=15 | stories=14 bugs=21,NO_CHANGE,,8.0.2,from adoring-albattani-i0UGt:logs/pnp_daily_sync/2026-05-23T003000Z.md
2026-05-23T01:14:19Z,23/05/2026,roster_daily_sync,Roster,SUCCESS,,roster_daily_sync run (SUCCESS),,,Roster Core,548,Updated,—,updated=1 no-change=2 | stories=10 bugs=24,SUCCESS,,8.1,from adoring-albattani-i0UGt:logs/roster_daily_sync/2026-05-23T011419Z.md
2026-05-23T01:30:00Z,23/05/2026,cm_daily_sync,Compensation Management,NO_CHANGE,,cm_daily_sync run (NO_CHANGE),,,Salary,360,No-change,—,updated=0 no-change=5 | stories=5 bugs=12,NO_CHANGE,,8.0,from practical-pasteur-BSOXo:logs/cm_daily_sync/2026-05-23T013000Z.md
2026-05-24T00:30:00Z,24/05/2026,pnp_daily_sync,PNP,NO_CHANGE,,pnp_daily_sync run (NO_CHANGE),,,Performance Core,547,No-change,—,updated=0 no-change=15 | stories=14 bugs=21,NO_CHANGE,,8.0.2,from adoring-albattani-i0UGt:logs/pnp_daily_sync/2026-05-24T003000Z.md
2026-05-24T01:10:57Z,24/05/2026,roster_daily_sync,Roster,NO_CHANGE,,roster_daily_sync run (NO_CHANGE),,,Roster Core,548,No-change,—,updated=0 no-change=3 | stories=3 bugs=24,NO_CHANGE,,8.1,from adoring-albattani-i0UGt:logs/roster_daily_sync/2026-05-24T011057Z.md
2026-05-24T01:30:00Z,24/05/2026,cm_daily_sync,Compensation Management,NO_CHANGE,,cm_daily_sync run (NO_CHANGE),,,Salary,360,No-change,—,updated=0 no-change=5 | stories=5 bugs=12,NO_CHANGE,,8.0,from practical-pasteur-IQBeQ:logs/cm_daily_sync/2026-05-24T013000Z.md
2026-05-24T16:49:49Z,24/05/2026,cm_daily_sync,Compensation Management,NO_CHANGE,,cm_daily_sync run (NO_CHANGE),,,Salary,360,No-change,—,updated=0 no-change=5 | stories=5 bugs=12,NO_CHANGE,,8.0,from adoring-albattani-i0UGt:logs/cm_daily_sync/2026-05-24T164949Z.md
2026-05-25T00:30:00Z,25/05/2026,pnp_daily_sync,PNP,NO_CHANGE,,pnp_daily_sync run (NO_CHANGE),,,Performance Core,547,No-change,—,updated=0 no-change=15 | stories=14 bugs=21,NO_CHANGE,,8.0.2,from adoring-albattani-i0UGt:logs/pnp_daily_sync/2026-05-25T003000Z.md
2026-05-25T01:11:08Z,25/05/2026,roster_daily_sync,Roster,NO_CHANGE,,roster_daily_sync run (NO_CHANGE),,,Roster Core,548,No-change,—,updated=0 no-change=3 | stories=10 bugs=24,NO_CHANGE,,8.1,from adoring-albattani-i0UGt:logs/roster_daily_sync/2026-05-25T011108Z.md
2026-05-25T01:45:51Z,25/05/2026,cm_daily_sync,Compensation Management,NO_CHANGE,,cm_daily_sync run (NO_CHANGE),,,Salary,360,No-change,—,updated=0 no-change=5 | stories=5 bugs=12,NO_CHANGE,,8.0,from adoring-albattani-i0UGt:logs/cm_daily_sync/2026-05-25T014551Z.md
2026-05-25T13:46:36Z,25/05/2026,cm_daily_sync,Compensation Management,SUCCESS,,cm_daily_sync run (SUCCESS),,,Salary,360,Updated,—,updated=5 no-change=0 | stories=5 bugs=12,SUCCESS,,8.0,from gallant-mendel-GhYyn:logs/cm_daily_sync/2026-05-25T134636Z.md
2026-05-25T14:28:16Z,25/05/2026,cm_daily_sync,Compensation Management,SUCCESS,,cm_daily_sync run (SUCCESS),,,Salary,360,Updated,—,updated=5 no-change=0 | stories=5 bugs=12,SUCCESS,,8.0,from dreamy-davinci-MxYWg:logs/cm_daily_sync/2026-05-25T142816Z.md
2026-05-26T00:30:00Z,26/05/2026,pnp_daily_sync,PNP,SUCCESS,,pnp_daily_sync run (SUCCESS),,,,547,Updated,—,updated=1 no-change=14 | stories= bugs=,SUCCESS,,,from adoring-albattani-i0UGt:logs/pnp_daily_sync/2026-05-26T003000Z.md
2026-05-26T01:00:00Z,26/05/2026,roster_daily_sync,Roster,SUCCESS,,roster_daily_sync run (SUCCESS),,,Roster Core,548,Updated,—,updated=1 no-change=3 | stories=4 bugs=24,SUCCESS,,8.1,from adoring-albattani-i0UGt:logs/roster_daily_sync/2026-05-26T010000Z.md
2026-05-26T01:39:50Z,26/05/2026,cm_daily_sync,Compensation Management,NO_CHANGE,,cm_daily_sync run (NO_CHANGE),,,Salary,360,No-change,—,updated=0 no-change=5 | stories=5 bugs=12,NO_CHANGE,,8.0,from dreamy-davinci-XqCEo:logs/cm_daily_sync/2026-05-26T013950Z.md
2026-05-27T00:34:49Z,27/05/2026,pnp_daily_sync,PNP,NO_CHANGE,,pnp_daily_sync run (NO_CHANGE),,,Performance Core,547,No-change,—,updated=0 no-change=15 | stories=14 bugs=21,NO_CHANGE,,8.0.2,from adoring-albattani-i0UGt:logs/pnp_daily_sync/2026-05-27T003449Z.md
2026-05-27T01:12:35Z,27/05/2026,roster_daily_sync,Roster,NO_CHANGE,,roster_daily_sync run (NO_CHANGE),,,Roster Core,548,No-change,—,updated=0 no-change=4 | stories=10 bugs=24,NO_CHANGE,,8.1,from adoring-albattani-i0UGt:logs/roster_daily_sync/2026-05-27T011235Z.md
2026-05-27T01:30:00Z,27/05/2026,cm_daily_sync,Compensation Management,SUCCESS,,cm_daily_sync run (SUCCESS),,,Salary,360,Updated,—,updated=1 no-change=4 | stories=5 bugs=12,SUCCESS,,8.0,from dreamy-davinci-sBC97:logs/cm_daily_sync/2026-05-27T013000Z.md
2026-05-27T10:10:17Z,27/05/2026,orange_sign_daily_sync,Orange Sign,SUCCESS,,orange_sign_daily_sync run (SUCCESS),,,Orange Sign Core,549,Updated,—,updated=8 no-change=16 | stories=23 bugs=0,SUCCESS,,8.0.2,from wizardly-newton-cjWXz:logs/orange_sign_daily_sync/2026-05-27T101017Z.md
2026-05-27T11:10:19Z,27/05/2026,orange_sign_daily_sync,Orange Sign,SUCCESS,,orange_sign_daily_sync run (SUCCESS),,,Orange Sign Core,549,Updated,—,updated=2 no-change=22 | stories=23 bugs=0,SUCCESS,,8.0.2,from adoring-albattani-i0UGt:logs/orange_sign_daily_sync/2026-05-27T111019Z.md
2026-05-27T21:41:20Z,27/05/2026,cm_daily_sync,Compensation Management,NO_CHANGE,,cm_daily_sync run (NO_CHANGE),,,Salary,360,No-change,—,updated=0 no-change=5 | stories=5 bugs=12,NO_CHANGE,,8.0,from jolly-tesla-377ww:logs/cm_daily_sync/2026-05-27T214120Z.md
2026-05-27T21:41:23Z,27/05/2026,roster_daily_sync,Roster,NO_CHANGE,,roster_daily_sync run (NO_CHANGE),,,Roster Core,548,No-change,—,updated=0 no-change=4 | stories=10 bugs=26,NO_CHANGE,,8.1,from awesome-rubin-WjZ5u:logs/roster_daily_sync/2026-05-27T214123Z.md
2026-05-27T21:46:12Z,27/05/2026,orange_sign_daily_sync,Orange Sign,SUCCESS,,orange_sign_daily_sync run (SUCCESS),,,Orange Sign Core,549,Updated,—,updated=1 no-change=23 | stories=23 bugs=0,SUCCESS,,8.0.2,from modest-hawking-T6DQD:logs/orange_sign_daily_sync/2026-05-27T214612Z.md
2026-05-27T21:54:12Z,27/05/2026,pnp_daily_sync,PNP,SUCCESS,,pnp_daily_sync run (SUCCESS),,,,,No-change,—,updated=0 no-change= | stories= bugs=,SUCCESS,,,from lucid-mendel-518AH:logs/pnp_daily_sync/2026-05-27T215412Z.md
2026-05-28T00:30:00Z,28/05/2026,pnp_daily_sync,PNP,COMPLETED_WITH_WARNINGS,,pnp_daily_sync run (COMPLETED_WITH_WARNINGS),,,,,Updated,—,updated=3 no-change=12 | stories= bugs=21,COMPLETED_WITH_WARNINGS,,8.0.2,from lucid-mendel-BxESf:logs/pnp_daily_sync/2026-05-28T003000Z.md
2026-05-28T21:42:17Z,28/05/2026,cm_daily_sync,Compensation Management,NO_CHANGE,,cm_daily_sync run (NO_CHANGE),,,Salary,360,No-change,—,updated=0 no-change=5 | stories=5 bugs=12,NO_CHANGE,,8.0,from jolly-tesla-dk9ok:logs/cm_daily_sync/2026-05-28T214217Z.md
2026-05-28T21:43:32Z,28/05/2026,roster_daily_sync,Roster,NO_CHANGE,,roster_daily_sync run (NO_CHANGE),,,Roster Core,548,No-change,—,updated=0 no-change=4 | stories=4 bugs=26,NO_CHANGE,,8.1,from awesome-rubin-HL9ZX:logs/roster_daily_sync/2026-05-28T214332Z.md
2026-05-28T21:52:27Z,28/05/2026,pnp_daily_sync,PNP,SUCCESS,,pnp_daily_sync run (SUCCESS),,,Performance Core,551,Updated,—,updated=7 no-change=8 | stories=15 bugs=21,SUCCESS,,8.0.2,from lucid-mendel-0nDVk:logs/pnp_daily_sync/2026-05-28T215227Z.md
2026-05-28T21:58:07Z,28/05/2026,orange_sign_daily_sync,Orange Sign,,,orange_sign_daily_sync run (),,,Orange Sign Core,549,No-change,—,updated=0 no-change= | stories= bugs=,,,,from modest-hawking-bwmXR:logs/orange_sign_daily_sync/2026-05-28T215807Z.md
2026-05-29T21:51:25Z,29/05/2026,pnp_daily_sync,PNP,NO_CHANGE,,pnp_daily_sync run (NO_CHANGE),,,Performance Core,551,No-change,—,updated=0 no-change=15 | stories=14 bugs=21,NO_CHANGE,,8.0.2,from lucid-mendel-ii0FR:logs/pnp_daily_sync/2026-05-29T215125Z.md
2026-05-30T00:30:00Z,30/05/2026,pnp_daily_sync,PNP,NO_CHANGE,,pnp_daily_sync run (NO_CHANGE),,,Performance Core,551,No-change,—,updated=0 no-change=15 | stories=14 bugs=21,NO_CHANGE,,8.0.2,from lucid-mendel-Oev7W:logs/pnp_daily_sync/2026-05-30T003000Z.md
2026-05-30T21:38:41Z,30/05/2026,roster_daily_sync,Roster,NO_CHANGE,,roster_daily_sync run (NO_CHANGE),,,Roster Core,548,No-change,—,updated=0 no-change=4 | stories=10 bugs=26,NO_CHANGE,,8.1,from awesome-rubin-QQSsm:logs/roster_daily_sync/2026-05-30T213841Z.md
2026-05-30T21:39:55Z,30/05/2026,cm_daily_sync,Compensation Management,NO_CHANGE,,cm_daily_sync run (NO_CHANGE),,,Salary,360,No-change,—,updated=0 no-change=5 | stories=5 bugs=12,NO_CHANGE,,8.0,from jolly-tesla-cfy0S:logs/cm_daily_sync/2026-05-30T213955Z.md
2026-05-30T21:46:30Z,30/05/2026,orange_sign_daily_sync,Orange Sign,NO_CHANGE,,orange_sign_daily_sync run (NO_CHANGE),,,Orange Sign Core,549,No-change,—,updated=0 no-change=24 | stories=23 bugs=0,NO_CHANGE,,8.0.2,from modest-hawking-xrk0F:logs/orange_sign_daily_sync/2026-05-30T214630Z.md
2026-05-31T01:00:00Z,31/05/2026,roster_daily_sync,Roster,NO_CHANGE,,roster_daily_sync run (NO_CHANGE),,,Roster Core,548,No-change,—,updated=0 no-change=4 | stories=10 bugs=26,NO_CHANGE,,8.1,from awesome-rubin-0spIx:logs/roster_daily_sync/2026-05-31T010000Z.md
2026-05-31T01:30:00Z,31/05/2026,cm_daily_sync,Compensation Management,NO_CHANGE,,cm_daily_sync run (NO_CHANGE),,,Salary,360,No-change,—,updated=0 no-change=5 | stories=5 bugs=12,NO_CHANGE,,8.0,from jolly-tesla-jjG4L:logs/cm_daily_sync/2026-05-31T013000Z.md
2026-05-31T21:42:13Z,31/05/2026,pnp_daily_sync,PNP,NO_CHANGE,,pnp_daily_sync run (NO_CHANGE),,,Performance Core,551,No-change,—,updated=0 no-change=15 | stories=14 bugs=21,NO_CHANGE,,8.0.2,from lucid-mendel-eNHEn:logs/pnp_daily_sync/2026-05-31T214213Z.md
2026-05-31T21:49:49Z,31/05/2026,orange_sign_daily_sync,Orange Sign,NO_CHANGE,,orange_sign_daily_sync run (NO_CHANGE),,,Orange Sign Core,549,No-change,—,updated=0 no-change=24 | stories=23 bugs=0,NO_CHANGE,,8.0.2,from modest-hawking-K64th:logs/orange_sign_daily_sync/2026-05-31T214949Z.md
2026-06-01T00:30:00Z,01/06/2026,pnp_daily_sync,PNP,SUCCESS,,pnp_daily_sync run (SUCCESS),,,Performance Core,551,Updated,—,updated=1 no-change=14 | stories=14 bugs=21,SUCCESS,,8.0.2,from lucid-mendel-kHpyU:logs/pnp_daily_sync/2026-06-01T003000Z.md
2026-06-01T01:27:30Z,01/06/2026,cs_features_daily_sync,CS Features (HT),NO_CHANGE,,cs_features_daily_sync run (NO_CHANGE),,,,,No-change,—,updated=0 no-change=1 | stories=5 bugs=26,NO_CHANGE,,7.19.3,from cs-dryrun-7193:logs/cs_features_daily_sync/TESTCREATE-2026-06-01T012730Z.md
2026-06-01T01:30:00Z,01/06/2026,cm_daily_sync,Compensation Management,NO_CHANGE,,cm_daily_sync run (NO_CHANGE),,,Salary,360,No-change,—,updated=0 no-change=5 | stories=5 bugs=12,NO_CHANGE,,8.0,from jolly-tesla-uykrG:logs/cm_daily_sync/2026-06-01T013000Z.md
2026-06-01T21:45:56Z,01/06/2026,roster_daily_sync,Roster,SUCCESS,,roster_daily_sync run (SUCCESS),,,Roster Core,548,Updated,—,updated=4 no-change=4 | stories=10 bugs=26,SUCCESS,,8.1,from awesome-rubin-psNlw:logs/roster_daily_sync/2026-06-01T214556Z.md
2026-06-01T21:53:41Z,01/06/2026,orange_sign_daily_sync,Orange Sign,NO_CHANGE,,orange_sign_daily_sync run (NO_CHANGE),,,Orange Sign Core,549,No-change,—,updated=0 no-change=24 | stories=23 bugs=0,NO_CHANGE,,8.0.2,from modest-hawking-dp0gP:logs/orange_sign_daily_sync/2026-06-01T215341Z.md
2026-06-02T00:30:00Z,02/06/2026,pnp_daily_sync,PNP,NO_CHANGE,,pnp_daily_sync run (NO_CHANGE),,,Performance Core,551,No-change,—,updated=0 no-change=15 | stories= bugs=,NO_CHANGE,,8.0.2,from lucid-mendel-lCqUd:logs/pnp_daily_sync/2026-06-02T003000Z.md
2026-06-02T01:30:00Z,02/06/2026,cm_daily_sync,Compensation Management,NO_CHANGE,,cm_daily_sync run (NO_CHANGE),,,Salary,360,No-change,—,updated=0 no-change=5 | stories=5 bugs=12,NO_CHANGE,,8.0,from jolly-tesla-Pk3Pm:logs/cm_daily_sync/2026-06-02T013000Z.md
2026-06-02T21:50:40Z,02/06/2026,orange_sign_daily_sync,Orange Sign,NO_CHANGE,,orange_sign_daily_sync run (NO_CHANGE),,,Orange Sign Core,549,No-change,—,updated=0 no-change=24 | stories=23 bugs=0,NO_CHANGE,,8.0.2,from awesome-rubin-33s71q:logs/orange_sign_daily_sync/2026-06-02T215040Z.md
2026-06-02T21:54:13Z,02/06/2026,roster_daily_sync,Roster,SUCCESS,,roster_daily_sync run (SUCCESS),,,,,No-change,—,updated=0 no-change= | stories= bugs=,SUCCESS,,,from awesome-rubin-yveao:logs/roster_daily_sync/2026-06-02T215413Z.md
2026-06-03T00:30:00Z,03/06/2026,pnp_daily_sync,PNP,NO_CHANGE,,pnp_daily_sync run (NO_CHANGE),,,Performance Core,551,No-change,—,updated=0 no-change=15 | stories=14 bugs=21,NO_CHANGE,,8.0.2,from lucid-mendel-uoVAt:logs/pnp_daily_sync/2026-06-03T003000Z.md
2026-06-03T010000Z,03/06/2026,roster_daily_sync,Roster,NO_CHANGE,,roster_daily_sync run (NO_CHANGE),,,Roster Core,548,No-change,—,updated=0 no-change=10 | stories= bugs=26,NO_CHANGE,,8.1,from awesome-rubin-IvV52:logs/roster_daily_sync/2026-06-03T010000Z.md
2026-06-03T07:49:26Z,03/06/2026,cs_features_daily_sync,CS Features (HT),SUCCESS,,cs_features_daily_sync run (SUCCESS),,,,,Updated,—,updated=1 no-change=0 | stories=1 bugs=0,SUCCESS,,8.0,from cs-dryrun-7193:logs/cs_features_daily_sync/TESTCREATE-2026-06-03T074926Z.md
2026-06-03T21:39:01Z,03/06/2026,orange_sign_daily_sync,Orange Sign,,,orange_sign_daily_sync run (),,,,,No-change,—,updated=0 no-change= | stories= bugs=,,,,from awesome-rubin-33s71q:logs/orange_sign_daily_sync/2026-06-03T213901Z.md
2026-06-03T21:44:10Z,03/06/2026,cm_daily_sync,Compensation Management,NO_CHANGE,,cm_daily_sync run (NO_CHANGE),,,Salary,360,No-change,—,updated=0 no-change=5 | stories=5 bugs=12,NO_CHANGE,,8.0,from jolly-tesla-F2t2d:logs/cm_daily_sync/2026-06-03T214410Z.md
2026-06-04T01:30:00Z,04/06/2026,cm_daily_sync,Compensation Management,NO_CHANGE,,cm_daily_sync run (NO_CHANGE),,,Salary,360,No-change,—,updated=0 no-change=5 | stories=5 bugs=12,NO_CHANGE,,8.0,from jolly-tesla-UDm03:logs/cm_daily_sync/2026-06-04T013000Z.md
2026-06-04T09:05:24Z,04/06/2026,nav_tree_bootstrap,nav_tree_bootstrap,SUCCESS,,nav_tree_bootstrap run (SUCCESS),,,,,No-change,—,updated=0 no-change= | stories= bugs=,SUCCESS,,,from awesome-rubin-33s71q:logs/nav_tree_bootstrap/2026-06-04T090524Z.md
2026-06-04T21:38:21Z,04/06/2026,roster_daily_sync,Roster,SUCCESS,,roster_daily_sync run (SUCCESS),,,Roster Core,548,Updated,—,updated=1 no-change=9 | stories=10 bugs=26,SUCCESS,,8.1,from awesome-rubin-3x85t:logs/roster_daily_sync/2026-06-04T213821Z.md
2026-06-04T21:39:36Z,04/06/2026,orange_sign_daily_sync,Orange Sign,NO_CHANGE,,orange_sign_daily_sync run (NO_CHANGE),,,Orange Sign Core,549,No-change,—,updated=0 no-change=24 | stories=23 bugs=0,NO_CHANGE,,8.0.2,from awesome-rubin-33s71q:logs/orange_sign_daily_sync/2026-06-04T213936Z.md
2026-06-04T21:48:02Z,04/06/2026,pnp_daily_sync,PNP,NO_CHANGE,,pnp_daily_sync run (NO_CHANGE),,,Performance Core,551,No-change,—,updated=0 no-change=15 | stories=14 bugs=21,NO_CHANGE,,8.0.2,from lucid-mendel-OL8WM:logs/pnp_daily_sync/2026-06-04T214802Z.md
2026-06-05T01:30:00Z,05/06/2026,cm_daily_sync,Compensation Management,NO_CHANGE,,cm_daily_sync run (NO_CHANGE),,,Salary,360,No-change,—,updated=0 no-change=5 | stories=5 bugs=12,NO_CHANGE,,8.0,from jolly-tesla-hhbEN:logs/cm_daily_sync/2026-06-05T013000Z.md
2026-06-05T21:37:07Z,05/06/2026,roster_daily_sync,Roster,NO_CHANGE,,roster_daily_sync run (NO_CHANGE),,,Roster Core,548,No-change,—,updated=0 no-change=10 | stories=10 bugs=26,NO_CHANGE,,8.1,from awesome-rubin-XGxZ2:logs/roster_daily_sync/2026-06-05T213707Z.md
2026-06-05T21:49:43Z,05/06/2026,pnp_daily_sync,PNP,NO_CHANGE,,pnp_daily_sync run (NO_CHANGE),,,Performance Core,551,No-change,—,updated=0 no-change=15 | stories=14 bugs=21,NO_CHANGE,,8.0.2,from lucid-mendel-C20QC:logs/pnp_daily_sync/2026-06-05T214943Z.md
2026-06-05T21:51:44Z,05/06/2026,orange_sign_daily_sync,Orange Sign,SUCCESS,,orange_sign_daily_sync run (SUCCESS),,,Orange Sign Core,549,Updated,—,updated=2 no-change=22 | stories=23 bugs=0,SUCCESS,,8.0.2,from awesome-rubin-33s71q:logs/orange_sign_daily_sync/2026-06-05T215144Z.md
2026-06-06T01:00:00Z,06/06/2026,roster_daily_sync,Roster,NO_CHANGE,,roster_daily_sync run (NO_CHANGE),,,Roster Core,548,No-change,—,updated=0 no-change=10 | stories=10 bugs=26,NO_CHANGE,,8.1,from awesome-rubin-FFy0f:logs/roster_daily_sync/2026-06-06T010000Z.md
2026-06-06T01:30:00Z,06/06/2026,cm_daily_sync,Compensation Management,NO_CHANGE,,cm_daily_sync run (NO_CHANGE),,,Salary,360,No-change,—,updated=0 no-change=5 | stories=5 bugs=12,NO_CHANGE,,8.0,from jolly-tesla-XGDIo:logs/cm_daily_sync/2026-06-06T013000Z.md
2026-06-06T21:34:55Z,06/06/2026,orange_sign_daily_sync,Orange Sign,NO_CHANGE,,orange_sign_daily_sync run (NO_CHANGE),,,Orange Sign Core,549,No-change,—,updated=0 no-change=24 | stories=24 bugs=0,NO_CHANGE,,8.0.2,from awesome-rubin-33s71q:logs/orange_sign_daily_sync/2026-06-06T213455Z.md
2026-06-06T21:39:56Z,06/06/2026,pnp_daily_sync,PNP,NO_CHANGE,,pnp_daily_sync run (NO_CHANGE),,,Performance Core,551,No-change,—,updated=0 no-change=15 | stories=14 bugs=21,NO_CHANGE,,8.0.2,from lucid-mendel-ElH2t:logs/pnp_daily_sync/2026-06-06T213956Z.md
2026-06-07T00:30:00Z,07/06/2026,pnp_daily_sync,PNP,NO_CHANGE,,pnp_daily_sync run (NO_CHANGE),,,Performance Core,551,No-change,—,updated=0 no-change=15 | stories=14 bugs=22,NO_CHANGE,,8.0.2,from lucid-mendel-JZVYG:logs/pnp_daily_sync/2026-06-07T003000Z.md
2026-06-07T01:30:00Z,07/06/2026,cm_daily_sync,Compensation Management,NO_CHANGE,,cm_daily_sync run (NO_CHANGE),,,Salary,360,No-change,—,updated=0 no-change=5 | stories=5 bugs=12,NO_CHANGE,,8.0,from jolly-tesla-Ji0cb:logs/cm_daily_sync/2026-06-07T013000Z.md
2026-06-07T06:44:00Z,07/06/2026,cs_features_daily_sync,CS Features (HT),SUCCESS,,cs_features_daily_sync run (SUCCESS),,,,,Updated,—,updated=1 no-change=0 | stories=1 bugs=0,SUCCESS,,8.0,from cs-dryrun-7193:logs/cs_features_daily_sync/TESTCREATE-2026-06-07T064400Z.md
2026-06-07T09:05:25Z,07/06/2026,cm_daily_sync,Compensation Management,NO_CHANGE,,cm_daily_sync run (NO_CHANGE),,,Salary,360,No-change,—,updated=0 no-change=5 | stories=5 bugs=12,NO_CHANGE,,8.0,from jolly-tesla-QfmIk:logs/cm_daily_sync/2026-06-07T090525Z.md
2026-06-07T21:39:48Z,07/06/2026,orange_sign_daily_sync,Orange Sign,NO_CHANGE,,orange_sign_daily_sync run (NO_CHANGE),,,Orange Sign Core,549,No-change,—,updated=0 no-change=24 | stories=23 bugs=0,NO_CHANGE,,8.0.2,from awesome-rubin-33s71q:logs/orange_sign_daily_sync/2026-06-07T213948Z.md
2026-06-07T21:48:18Z,07/06/2026,roster_daily_sync,Roster,SUCCESS,,roster_daily_sync run (SUCCESS),,,Roster Core,548,Updated,—,updated=2 no-change=8 | stories=10 bugs=26,SUCCESS,,8.1,from awesome-rubin-9PDzy:logs/roster_daily_sync/2026-06-07T214818Z.md
2026-06-08T00:30:00Z,08/06/2026,pnp_daily_sync,PNP,NO_CHANGE,,pnp_daily_sync run (NO_CHANGE),,,Performance Core,551,No-change,—,updated=0 no-change=15 | stories=14 bugs=21,NO_CHANGE,,8.0.2,from lucid-mendel-m8smrs:logs/pnp_daily_sync/2026-06-08T003000Z.md
2026-06-08T21:45:12Z,08/06/2026,cm_daily_sync,Compensation Management,NO_CHANGE,,cm_daily_sync run (NO_CHANGE),,,Salary,360,No-change,—,updated=0 no-change=5 | stories=5 bugs=12,NO_CHANGE,,8.0,from jolly-tesla-ceeg7x:logs/cm_daily_sync/2026-06-08T214512Z.md
2026-06-08T21:47:11Z,08/06/2026,orange_sign_daily_sync,Orange Sign,SUCCESS,,orange_sign_daily_sync run (SUCCESS),,,Orange Sign Core,549,Updated,—,updated=1 no-change=23 | stories=23 bugs=0,SUCCESS,,8.0.2,from awesome-rubin-33s71q:logs/orange_sign_daily_sync/2026-06-08T214711Z.md
2026-06-09T01:30:00Z,09/06/2026,cm_daily_sync,Compensation Management,NO_CHANGE,,cm_daily_sync run (NO_CHANGE),,,Salary,360,No-change,—,updated=0 no-change=5 | stories=5 bugs=12,NO_CHANGE,,8.0,from jolly-tesla-cy8o0d:logs/cm_daily_sync/2026-06-09T013000Z.md
2026-06-09T214441Z,09/06/2026,orange_sign_daily_sync,Orange Sign,NO_CHANGE,,orange_sign_daily_sync run (NO_CHANGE),,,Orange Sign Core,549,No-change,—,updated=0 no-change=24 | stories=23 bugs=0,NO_CHANGE,,8.0.2,from awesome-rubin-49hbig:logs/orange_sign_daily_sync/2026-06-09T214441Z.md
2026-06-09T21:48:51Z,09/06/2026,roster_daily_sync,Roster,NO_CHANGE,,roster_daily_sync run (NO_CHANGE),,,Roster Core,548,No-change,—,updated=0 no-change=10 | stories=10 bugs=26,NO_CHANGE,,8.1,from awesome-rubin-33s71q:logs/roster_daily_sync/2026-06-09T214851Z.md
2026-06-10T00:30:00Z,10/06/2026,pnp_daily_sync,PNP,SUCCESS,,pnp_daily_sync run (SUCCESS),,,Performance Core,551,Updated,—,updated=12 no-change=3 | stories= bugs=,SUCCESS,,8.0.2,from lucid-mendel-66hb0c:logs/pnp_daily_sync/2026-06-10T003000Z.md
2026-06-10T01:30:00Z,10/06/2026,cm_daily_sync,Compensation Management,NO_CHANGE,,cm_daily_sync run (NO_CHANGE),,,Salary,360,No-change,—,updated=0 no-change=5 | stories=5 bugs=12,NO_CHANGE,,8.0,from jolly-tesla-1arko7:logs/cm_daily_sync/2026-06-10T013000Z.md
2026-06-11T16:35:00Z,11/06/2026,roster_daily_sync,Roster,,,roster_daily_sync run (),,,Roster Core,548,No-change,—,updated=0 no-change=10 | stories=10 bugs=26,,,8.1,from awesome-rubin-xcyx8f:logs/roster_daily_sync/2026-06-11T163500Z.md
2026-06-11T21:32:20Z,11/06/2026,cm_daily_sync,Compensation Management,NO_CHANGE,,cm_daily_sync run (NO_CHANGE),,,Salary,360,No-change,—,updated=0 no-change=5 | stories=5 bugs=12,NO_CHANGE,,8.0,from jolly-tesla-up3fnf:logs/cm_daily_sync/2026-06-11T213220Z.md
2026-06-11T213359Z,11/06/2026,orange_sign_daily_sync,Orange Sign,SUCCESS,,orange_sign_daily_sync run (SUCCESS),,,,,Updated,—,updated=5 no-change= | stories= bugs=,SUCCESS,,8.0.2,from awesome-rubin-49hbig:logs/orange_sign_daily_sync/2026-06-11T213359Z.md
2026-06-11T21:46:27Z,11/06/2026,pnp_daily_sync,PNP,NO_CHANGE,,pnp_daily_sync run (NO_CHANGE),,,Performance Core,551,No-change,—,updated=0 no-change=15 | stories=14 bugs=21,NO_CHANGE,,8.0.2,from lucid-mendel-skbr2d:logs/pnp_daily_sync/2026-06-11T214627Z.md
2026-06-12T01:30:00Z,12/06/2026,cm_daily_sync,Compensation Management,NO_CHANGE,,cm_daily_sync run (NO_CHANGE),,,Salary,360,No-change,—,updated=0 no-change=5 | stories=5 bugs=12,NO_CHANGE,,8.0,from jolly-tesla-ua1xzh:logs/cm_daily_sync/2026-06-12T013000Z.md
2026-06-12T21:34:22Z,12/06/2026,pnp_daily_sync,PNP,NO_CHANGE,,pnp_daily_sync run (NO_CHANGE),,,Performance Core,551,No-change,—,updated=0 no-change=15 | stories=14 bugs=21,NO_CHANGE,,8.0.2,from lucid-mendel-yw593c:logs/pnp_daily_sync/2026-06-12T213422Z.md
2026-06-12T21:49:47Z,12/06/2026,orange_sign_daily_sync,Orange Sign,NO_CHANGE,,orange_sign_daily_sync run (NO_CHANGE),,,Orange Sign Core,549,No-change,—,updated=0 no-change=24 | stories=23 bugs=0,NO_CHANGE,,8.0.2,from awesome-rubin-49hbig:logs/orange_sign_daily_sync/2026-06-12T214947Z.md
2026-06-12T21:51:51Z,12/06/2026,roster_daily_sync,Roster,SUCCESS,,roster_daily_sync run (SUCCESS),,,Roster Core,548,Updated,—,updated=1 no-change=9 | stories=10 bugs=26,SUCCESS,,8.1,from awesome-rubin-r2c1lk:logs/roster_daily_sync/2026-06-12T215151Z.md
2026-06-13T00:30:00Z,13/06/2026,pnp_daily_sync,PNP,NO_CHANGE,,pnp_daily_sync run (NO_CHANGE),,,Performance Core,551,No-change,—,updated=0 no-change=15 | stories=14 bugs=21,NO_CHANGE,,8.0.2,from lucid-mendel-e9twb3:logs/pnp_daily_sync/2026-06-13T003000Z.md
2026-06-13T01:00:00Z,13/06/2026,roster_daily_sync,Roster,NO_CHANGE,,roster_daily_sync run (NO_CHANGE),,,Roster Core,548,No-change,—,updated=0 no-change=10 | stories=10 bugs=26,NO_CHANGE,,8.1,from awesome-rubin-siojvi:logs/roster_daily_sync/2026-06-13T010000Z.md
2026-06-13T21:32:11Z,13/06/2026,cm_daily_sync,Compensation Management,NO_CHANGE,,cm_daily_sync run (NO_CHANGE),,,Salary,360,No-change,—,updated=0 no-change=5 | stories=5 bugs=12,NO_CHANGE,,8.0,from jolly-tesla-e214qo:logs/cm_daily_sync/2026-06-13T213211Z.md
2026-06-13T21:33:09Z,13/06/2026,roster_daily_sync,Roster,NO_CHANGE,,roster_daily_sync run (NO_CHANGE),,,Roster Core,548,No-change,—,updated=0 no-change=10 | stories=10 bugs=26,NO_CHANGE,,8.1,from awesome-rubin-lg4rrz:logs/roster_daily_sync/2026-06-13T213309Z.md
2026-06-13T21:46:11Z,13/06/2026,orange_sign_daily_sync,Orange Sign,SUCCESS,,orange_sign_daily_sync run (SUCCESS),,,Orange Sign Core,549,Updated,—,updated=2 no-change=22 | stories=23 bugs=0,SUCCESS,,8.0.2,from awesome-rubin-49hbig:logs/orange_sign_daily_sync/2026-06-13T214611Z.md
2026-06-14T00:30:00Z,14/06/2026,pnp_daily_sync,PNP,SUCCESS,,pnp_daily_sync run (SUCCESS),,,Performance Core,551,Updated,—,updated=9 no-change=6 | stories=14 bugs=21,SUCCESS,,8.0.2,from lucid-mendel-obm8xk:logs/pnp_daily_sync/2026-06-14T003000Z.md
2026-06-14T01:00:00Z,14/06/2026,roster_daily_sync,Roster,NO_CHANGE,,roster_daily_sync run (NO_CHANGE),,,Roster Core,548,No-change,—,updated=0 no-change=10 | stories=10 bugs=26,NO_CHANGE,,8.1,from awesome-rubin-ox9e8g:logs/roster_daily_sync/2026-06-14T010000Z.md
2026-06-14T21:41:54Z,14/06/2026,cm_daily_sync,Compensation Management,NO_CHANGE,,cm_daily_sync run (NO_CHANGE),,,Salary,360,No-change,—,updated=0 no-change=5 | stories=5 bugs=12,NO_CHANGE,,8.0,from jolly-tesla-nmt2qd:logs/cm_daily_sync/2026-06-14T214154Z.md
2026-06-14T21:45:24Z,14/06/2026,orange_sign_daily_sync,Orange Sign,NO_CHANGE,,orange_sign_daily_sync run (NO_CHANGE),,,Orange Sign Core,549,No-change,—,updated=0 no-change=24 | stories=23 bugs=0,NO_CHANGE,,8.0.2,from awesome-rubin-49hbig:logs/orange_sign_daily_sync/2026-06-14T214524Z.md
2026-06-15T21:34:06Z,15/06/2026,orange_sign_daily_sync,Orange Sign,SUCCESS,,orange_sign_daily_sync run (SUCCESS),,,Orange Sign Core,549,Updated,—,updated=15 no-change=9 | stories=23 bugs=0,SUCCESS,,8.0.2,from awesome-rubin-49hbig:logs/orange_sign_daily_sync/2026-06-15T213406Z.md
2026-06-15T21:49:47Z,15/06/2026,roster_daily_sync,Roster,NO_CHANGE,,roster_daily_sync run (NO_CHANGE),,,Roster Core,548,No-change,—,updated=0 no-change=10 | stories=10 bugs=26,NO_CHANGE,,8.1,from awesome-rubin-jypamy:logs/roster_daily_sync/2026-06-15T214947Z.md
2026-06-16T00:30:00Z,16/06/2026,pnp_daily_sync,PNP,NO_CHANGE,,pnp_daily_sync run (NO_CHANGE),,,Performance Core,551,No-change,—,updated=0 no-change=15 | stories=14 bugs=21,NO_CHANGE,,8.0.2,from lucid-mendel-vctv1w:logs/pnp_daily_sync/2026-06-16T003000Z.md
2026-06-16T01:30:00Z,16/06/2026,cm_daily_sync,Compensation Management,BLOCKED,,cm_daily_sync run (BLOCKED),,,Salary,360,No-change,—,updated=0 no-change=0 | stories=0 bugs=0,BLOCKED,,8.0,from jolly-tesla-y75892:logs/cm_daily_sync/2026-06-16T013000Z.md
2026-06-16T21:34:01Z,16/06/2026,orange_sign_daily_sync,Orange Sign,NO_CHANGE,,orange_sign_daily_sync run (NO_CHANGE),,,,,No-change,—,updated=0 no-change= | stories= bugs=,NO_CHANGE,,,from awesome-rubin-49hbig:logs/orange_sign_daily_sync/2026-06-16T213401Z.md
2026-06-16T21:40:33Z,16/06/2026,roster_daily_sync,Roster,NO_CHANGE,,roster_daily_sync run (NO_CHANGE),,,Roster Core,548,No-change,—,updated=0 no-change=10 | stories=10 bugs=26,NO_CHANGE,,8.1,from awesome-rubin-5vf4au:logs/roster_daily_sync/2026-06-16T214033Z.md
2026-06-17T00:30:00Z,17/06/2026,pnp_daily_sync,PNP,NO_CHANGE,,pnp_daily_sync run (NO_CHANGE),,,Performance Core,551,No-change,—,updated=0 no-change=15 | stories=14 bugs=21,NO_CHANGE,,8.0.2,from lucid-mendel-cq1ja2:logs/pnp_daily_sync/2026-06-17T003000Z.md
2026-06-17T01:30:00Z,17/06/2026,cm_daily_sync,Compensation Management,NO_CHANGE,,cm_daily_sync run (NO_CHANGE),,,Salary,360,No-change,—,updated=0 no-change=5 | stories=5 bugs=12,NO_CHANGE,,8.0,from jolly-tesla-9cluuj:logs/cm_daily_sync/2026-06-17T013000Z.md
2026-06-17T21:34:04Z,17/06/2026,orange_sign_daily_sync,Orange Sign,SUCCESS,,orange_sign_daily_sync run (SUCCESS),,,,,No-change,—,updated=0 no-change= | stories= bugs=,SUCCESS,,,from awesome-rubin-49hbig:logs/orange_sign_daily_sync/2026-06-17T213404Z.md
2026-06-17T214147Z,17/06/2026,roster_daily_sync,Roster,NO_CHANGE,,roster_daily_sync run (NO_CHANGE),,,Roster Core,548,No-change,—,updated=0 no-change=10 | stories=10 bugs=26,NO_CHANGE,,8.1,from awesome-rubin-m21eeo:logs/roster_daily_sync/2026-06-17T214147Z.md
2026-06-18T04:38:00Z,18/06/2026,orange_sign_daily_sync,Orange Sign,SUCCESS,,orange_sign_daily_sync run (SUCCESS),,,,,No-change,—,updated=0 no-change= | stories= bugs=,SUCCESS,,,from awesome-rubin-49hbig:logs/orange_sign_daily_sync/2026-06-18T043800Z.md
2026-06-18T21:41:02Z,18/06/2026,roster_daily_sync,Roster,NO_CHANGE,,roster_daily_sync run (NO_CHANGE),,,Roster Core,548,No-change,—,updated=0 no-change=10 | stories=10 bugs=26,NO_CHANGE,,8.1,from awesome-rubin-95ax22:logs/roster_daily_sync/2026-06-18T214102Z.md
2026-06-18T21:45:13Z,18/06/2026,orange_sign_daily_sync,Orange Sign,NO_CHANGE,,orange_sign_daily_sync run (NO_CHANGE),,,,,No-change,—,updated=0 no-change= | stories= bugs=,NO_CHANGE,,,from awesome-rubin-49hbig:logs/orange_sign_daily_sync/2026-06-18T214513Z.md
2026-06-18T21:45:43Z,18/06/2026,pnp_daily_sync,PNP,NO_CHANGE,,pnp_daily_sync run (NO_CHANGE),,,Performance Core,551,No-change,—,updated=0 no-change=15 | stories=14 bugs=0,NO_CHANGE,,8.0.2,from lucid-mendel-o6a628:logs/pnp_daily_sync/2026-06-18T214543Z.md
2026-06-19T00:30:00Z,19/06/2026,pnp_daily_sync,PNP,SUCCESS,,pnp_daily_sync run (SUCCESS),,,Performance Core,551,Updated,—,updated=1 no-change=14 | stories=14 bugs=21,SUCCESS,,8.0.2,from awesome-rubin-49hbig:logs/pnp_daily_sync/2026-06-19T003000Z.md
2026-06-19T213310Z,19/06/2026,roster_daily_sync,Roster,SUCCESS,,roster_daily_sync run (SUCCESS),,,Roster Core,548,No-change,—,updated=0 no-change=10 | stories=10 bugs=26,SUCCESS,,8.1,from awesome-rubin-olrez2:logs/roster_daily_sync/2026-06-19T213310Z.md
2026-06-19T21:39:55Z,19/06/2026,cm_daily_sync,Compensation Management,NO_CHANGE,,cm_daily_sync run (NO_CHANGE),,,Salary,360,No-change,—,updated=0 no-change=5 | stories=5 bugs=12,NO_CHANGE,,8.0,from magical-brown-e4ez1r:logs/cm_daily_sync/2026-06-19T213955Z.md
2026-06-19T21:48:46Z,19/06/2026,orange_sign_daily_sync,Orange Sign,SUCCESS,,orange_sign_daily_sync run (SUCCESS),,,,,No-change,—,updated=0 no-change= | stories= bugs=,SUCCESS,,,from awesome-rubin-49hbig:logs/orange_sign_daily_sync/2026-06-19T214846Z.md
2026-06-20T01:00:00Z,20/06/2026,roster_daily_sync,Roster,NO_CHANGE,,roster_daily_sync run (NO_CHANGE),,,Roster Core,548,No-change,—,updated=0 no-change=10 | stories=10 bugs=26,NO_CHANGE,,8.1,from awesome-rubin-u8qtoc:logs/roster_daily_sync/2026-06-20T010000Z.md
2026-06-20T013000Z,20/06/2026,cm_daily_sync,Compensation Management,NO_CHANGE,,cm_daily_sync run (NO_CHANGE),,,Salary,360,No-change,—,updated=0 no-change=5 | stories=5 bugs=12,NO_CHANGE,,8.0,from magical-brown-p1avc6:logs/cm_daily_sync/2026-06-20T013000Z.md
2026-06-20T21:47:55Z,20/06/2026,pnp_daily_sync,PNP,SUCCESS,,pnp_daily_sync run (SUCCESS),,,Performance Core,551,Updated,—,updated=15 no-change=0 | stories=14 bugs=21,SUCCESS,,8.0.2,from lucid-mendel-vwv793:logs/pnp_daily_sync/2026-06-20T214755Z.md
2026-06-20T21:49:22Z,20/06/2026,orange_sign_daily_sync,Orange Sign,SUCCESS,,orange_sign_daily_sync run (SUCCESS),,,,,No-change,—,updated=0 no-change= | stories= bugs=,SUCCESS,,,from awesome-rubin-49hbig:logs/orange_sign_daily_sync/2026-06-20T214922Z.md
2026-06-21T01:00:00Z,21/06/2026,roster_daily_sync,Roster,NO_CHANGE,,roster_daily_sync run (NO_CHANGE),,,Roster Core,548,No-change,—,updated=0 no-change=10 | stories=10 bugs=26,NO_CHANGE,,8.1,from awesome-rubin-7nkvh4:logs/roster_daily_sync/2026-06-21T010000Z.md
2026-06-21T01:30:00Z,21/06/2026,cm_daily_sync,Compensation Management,NO_CHANGE,,cm_daily_sync run (NO_CHANGE),,,Salary,360,No-change,—,updated=0 no-change=5 | stories=5 bugs=12,NO_CHANGE,,8.0,from magical-brown-pme1s4:logs/cm_daily_sync/2026-06-21T013000Z.md
2026-06-21T21:42:16Z,21/06/2026,pnp_daily_sync,PNP,NO_CHANGE,,pnp_daily_sync run (NO_CHANGE),,,Performance Core,551,No-change,—,updated=0 no-change= | stories= bugs=,NO_CHANGE,,8.0.2,from lucid-mendel-ydizyh:logs/pnp_daily_sync/2026-06-21T214216Z.md
2026-06-21T21:47:30Z,21/06/2026,orange_sign_daily_sync,Orange Sign,NO_CHANGE,,orange_sign_daily_sync run (NO_CHANGE),,,,,No-change,—,updated=0 no-change= | stories= bugs=,NO_CHANGE,,,from awesome-rubin-49hbig:logs/orange_sign_daily_sync/2026-06-21T214730Z.md
2026-06-22T00:30:00Z,22/06/2026,pnp_daily_sync,PNP,BLOCKED,,pnp_daily_sync run (BLOCKED),,,KPI Setup,12,No-change,—,updated=0 no-change=0 | stories=0 bugs=21,BLOCKED,,8.0.2,from lucid-mendel-tlqzd4:logs/pnp_daily_sync/2026-06-22T003000Z.md
2026-06-22T01:30:00Z,22/06/2026,roster_daily_sync,Roster,BLOCKED,,roster_daily_sync run (BLOCKED),,,Roster Core,29,No-change,—,updated=0 no-change=0 | stories=0 bugs=0,BLOCKED,,8.0.2,from awesome-rubin-49hbig:logs/roster_daily_sync/2026-06-22T013000Z.md
2026-06-22T01:30:00Z,22/06/2026,cm_daily_sync,Compensation Management,BLOCKED,,cm_daily_sync run (BLOCKED),,,CM Overview,1,No-change,—,updated=0 no-change=0 | stories=0 bugs=0,BLOCKED,,8.0.2,from magical-brown-d2bk6a:logs/cm_daily_sync/2026-06-22T013000Z.md
2026-06-22T214329Z,22/06/2026,orange_sign_daily_sync,Orange Sign,NO_CHANGE,,orange_sign_daily_sync run (NO_CHANGE),,,,,No-change,—,updated=0 no-change= | stories= bugs=,NO_CHANGE,,,from awesome-rubin-az64ye:logs/orange_sign_daily_sync/2026-06-22T214329Z.md
2026-06-23T00:45:00Z,23/06/2026,pnp_daily_sync,PNP,BLOCKED,,pnp_daily_sync run (BLOCKED),,,KPI Setup,12,No-change,—,updated=0 no-change=0 | stories=0 bugs=21,BLOCKED,,8.0.2,from lucid-mendel-wysqd4:logs/pnp_daily_sync/2026-06-23T004500Z.md
2026-06-23T013100Z,23/06/2026,cm_daily_sync,Compensation Management,BLOCKED,,cm_daily_sync run (BLOCKED),,,CM Overview,1,No-change,—,updated=0 no-change=0 | stories= bugs=,BLOCKED,,8.0.2,from magical-brown-9992bz:logs/cm_daily_sync/2026-06-23T013100Z.md
2026-06-23T213355Z,23/06/2026,orange_sign_daily_sync,Orange Sign,NO_CHANGE,,orange_sign_daily_sync run (NO_CHANGE),,,,,No-change,—,updated=0 no-change= | stories= bugs=,NO_CHANGE,,,from awesome-rubin-az64ye:logs/orange_sign_daily_sync/2026-06-23T213355Z.md
2026-06-23T215250Z,23/06/2026,roster_daily_sync,Roster,SUCCESS,,roster_daily_sync run (SUCCESS),,,,,No-change,—,updated=0 no-change= | stories= bugs=,SUCCESS,,8.0.2,from awesome-rubin-kl90xb:logs/roster_daily_sync/2026-06-23T215250Z.md
2026-06-24T00:30:00Z,24/06/2026,pnp_daily_sync,PNP,FAILED,,pnp_daily_sync run (FAILED),,,KPI Setup,12,No-change,—,updated=0 no-change=0 | stories=0 bugs=21,FAILED,,8.0.2,from lucid-mendel-qvnl63:logs/pnp_daily_sync/2026-06-24T003000Z.md
2026-06-24T013000Z,24/06/2026,cm_daily_sync,Compensation Management,BLOCKED,,cm_daily_sync run (BLOCKED),,,CM Overview,1,No-change,—,updated=0 no-change=0 | stories=0 bugs=0,BLOCKED,,8.0.2,from magical-brown-wrdrke:logs/cm_daily_sync/2026-06-24T013000Z.md
2026-06-24T213415Z,24/06/2026,orange_sign_daily_sync,Orange Sign,SUCCESS,,orange_sign_daily_sync run (SUCCESS),,,Orange Sign Core,549,Updated,—,updated=3 no-change=21 | stories=23 bugs=0,SUCCESS,,8.0.2,from awesome-rubin-az64ye:logs/orange_sign_daily_sync/2026-06-24T213415Z.md
2026-06-24T22:09:47Z,24/06/2026,roster_daily_sync,Roster,SUCCESS,,roster_daily_sync run (SUCCESS),,,Roster Core,548,Updated,—,updated=5 no-change=5 | stories=10 bugs=26,SUCCESS,,8.1,from awesome-rubin-az64ye:logs/roster_daily_sync/2026-06-24T220947Z.md
2026-06-25T21:40:06Z,25/06/2026,cm_daily_sync,Compensation Management,BLOCKED,,cm_daily_sync run (BLOCKED),,,,,No-change,—,updated=0 no-change= | stories=0 bugs=,BLOCKED,,,from magical-brown-008fl0:logs/cm_daily_sync/2026-06-25T214006Z.md
2026-06-25T21:41:23Z,25/06/2026,pnp_daily_sync,PNP,NO_CHANGE,,pnp_daily_sync run (NO_CHANGE),,,Performance Core,551,No-change,—,updated=0 no-change=14 | stories=14 bugs=21,NO_CHANGE,,8.0.2,from lucid-mendel-vr194u:logs/pnp_daily_sync/2026-06-25T214123Z.md
2026-06-25T21:44:25Z,25/06/2026,roster_daily_sync,Roster,NO_CHANGE,,roster_daily_sync run (NO_CHANGE),,,Roster Core,548,No-change,—,updated=0 no-change=10 | stories=10 bugs=26,NO_CHANGE,,8.1,from awesome-rubin-q5okzt:logs/roster_daily_sync/2026-06-25T214425Z.md
2026-06-25T21:47:35Z,25/06/2026,orange_sign_daily_sync,Orange Sign,NO_CHANGE,,orange_sign_daily_sync run (NO_CHANGE),,,Orange Sign Core,549,No-change,—,updated=0 no-change=24 | stories=23 bugs=0,NO_CHANGE,,8.0.2,from awesome-rubin-az64ye:logs/orange_sign_daily_sync/2026-06-25T214735Z.md
2026-06-26T21:41:17Z,26/06/2026,orange_sign_daily_sync,Orange Sign,,,orange_sign_daily_sync run (),,,,,No-change,—,updated=0 no-change= | stories= bugs=,,,,from awesome-rubin-az64ye:logs/orange_sign_daily_sync/2026-06-26T214117Z.md
2026-06-26T21:51:39Z,26/06/2026,pnp_daily_sync,PNP,FAILED,,pnp_daily_sync run (FAILED),,,KPI Setup,12,No-change,—,updated=0 no-change=0 | stories=0 bugs=21,FAILED,,8.0.2,from awesome-rubin-az64ye:logs/pnp_daily_sync/2026-06-26T215139Z.md
2026-06-27T00:30:00Z,27/06/2026,pnp_daily_sync,PNP,,,pnp_daily_sync run (),,,,,No-change,—,updated=0 no-change= | stories= bugs=,,,,from lucid-mendel-wgsvem:logs/pnp_daily_sync/2026-06-27T003000Z.md
2026-06-28T003000Z,28/06/2026,pnp_daily_sync,PNP,BLOCKED,—,—,—,Performance,Performance Core,12 (stale),No-change,—,—,BLOCKED — destination page_id=12 outside Specification shelf,—,8.0.2,page_id=12 is 'Customer Demo Template' book_id=3 (outside shelf). Candidate: page_id=551 Performance Core.
